jid,formula,point_group,n_channels,channels,dominant_channel,coarse_class,fine_class_tol005
JVASP-11981,Nb6Al2,Oh,5,d;f;p;s;z3,f,C00_Oh,F004_Oh_f
JVASP-1378,B2Sc,D6h,5,d;p;s;z3;z6,z3,C01_D6h,F002_D6h_z3
JVASP-14492,Nb3O3,Oh,5,d;f;p;s;z3,f,C00_Oh,F147_Oh_f
JVASP-14680,B2Cr,D6h,5,d;p;s;z3;z6,z3,C01_D6h,F002_D6h_z3
JVASP-14726,B2Nb,D6h,5,d;p;s;z3;z6,z3,C01_D6h,F002_D6h_z3
JVASP-14798,B2Mn,D6h,5,d;p;s;z3;z6,z3,C01_D6h,F002_D6h_z3
JVASP-14960,V6Si2,Oh,5,d;f;p;s;z3,f,C00_Oh,F004_Oh_f
JVASP-19668,Nb6Sn2,Oh,5,d;f;p;s;z3,f,C00_Oh,F004_Oh_f
JVASP-19684,Nb6Ge2,Oh,5,d;f;p;s;z3,f,C00_Oh,F004_Oh_f
JVASP-19821,B2Mg,D6h,5,d;p;s;z3;z6,z3,C01_D6h,F002_D6h_z3
JVASP-20620,B6Y,Oh,5,d;f;p;s;z3,f,C00_Oh,F148_Oh_f
JVASP-36379,B2Ca,D6h,5,d;p;s;z3;z6,z3,C01_D6h,F002_D6h_z3
JVASP-78264,B2Mn,D6h,5,d;p;s;z3;z6,z3,C01_D6h,F002_D6h_z3
JVASP-113491,Cl2Rb,D6h,5,d;p;s;z3;z6,z3,C01_D6h,F002_D6h_z3
JVASP-114063,Cl2Al,D6h,5,d;p;s;z3;z6,z3,C01_D6h,F002_D6h_z3
JVASP-115181,B2Li,D6h,5,d;p;s;z3;z6,z3,C01_D6h,F002_D6h_z3
JVASP-115191,I2Li,D6h,5,d;p;s;z3;z6,z3,C01_D6h,F002_D6h_z3
JVASP-115780,C2Sn,D6h,5,d;p;s;z3;z6,z3,C01_D6h,F002_D6h_z3
JVASP-116158,Cl2Hf,D6h,5,d;p;s;z3;z6,z3,C01_D6h,F002_D6h_z3
JVASP-117640,Br2Be,D6h,5,d;p;s;z3;z6,z3,C01_D6h,F002_D6h_z3
JVASP-117863,Br2Pb,D6h,5,d;p;s;z3;z6,z3,C01_D6h,F002_D6h_z3
JVASP-118601,Ag2Li,D6h,5,d;p;s;z3;z6,z3,C01_D6h,F002_D6h_z3
JVASP-118886,F2Li,D6h,5,d;p;s;z3;z6,z3,C01_D6h,F002_D6h_z3
JVASP-120382,P2As,D6h,5,d;p;s;z3;z6,z3,C01_D6h,F002_D6h_z3
JVASP-121186,S2Li,D6h,5,d;p;s;z3;z6,z3,C01_D6h,F002_D6h_z3
JVASP-16550,Hg2Na,D6h,5,d;p;s;z3;z6,z3,C01_D6h,F002_D6h_z3
JVASP-19641,Be2Zr,D6h,5,d;p;s;z3;z6,z3,C01_D6h,F002_D6h_z3
JVASP-15900,B2W,D6h,5,d;p;s;z3;z6,z3,C01_D6h,F002_D6h_z3
JVASP-36265,LiMnAs,Td,4,d;f;s;z3,s,C05_Td,F005_Td_s
JVASP-40773,VFeSe,Td,4,d;f;s;z3,s,C05_Td,F005_Td_s
JVASP-116211,LiYIr,D3h,3,d;s;z3,z3,C06_D3h,F008_D3h_z3
JVASP-118122,SrPCl,D3h,3,d;s;z3,z3,C06_D3h,F008_D3h_z3
JVASP-17812,Si2Fe,D4h,6,d;d_x2y2;d_xy;p;s;z4,s,C02_D4h,F025_D4h_s
JVASP-36214,V2C,D3d,3,p;s;z3,s,C07_D3d,F013_D3d_s
JVASP-75681,VGeAs,Td,4,d;f;s;z3,s,C05_Td,F005_Td_s
JVASP-113963,LiBN,Td,4,d;f;s;z3,s,C05_Td,F005_Td_s
JVASP-120278,Li2N2Al,D3d,3,p;s;z3,z3,C07_D3d,F097_D3d_z3
JVASP-120350,NaZnSe,C4v,5,d;d_x2y2;d_xy;s;z4,s,C03_C4v,F018_C4v_s
JVASP-121083,H2C2,D4h,6,d;d_x2y2;d_xy;p;s;z4,s,C02_D4h,F025_D4h_s
JVASP-15176,Ti3AlC,Oh,5,d;f;p;s;z3,f,C00_Oh,F001_Oh_f
JVASP-37909,O3BeGa,Oh,5,d;f;p;s;z3,f,C00_Oh,F001_Oh_f
JVASP-100364,O4NbMo,D2h,3,d;p;s,s,C04_D2h,F029_D2h_s
JVASP-100634,V6CoIr,Th,5,d;f;p;s;z3,f,C14_Th,F061_Th_f
JVASP-100639,Si6Ta2Cr,D2,2,d;s,s,C19_D2,F077_D2_s
JVASP-101099,Al6TiMo,D4h,6,d;d_x2y2;d_xy;p;s;z4,z4,C02_D4h,F047_D4h_z4
JVASP-101441,Al6ZrMo,D4h,6,d;d_x2y2;d_xy;p;s;z4,z4,C02_D4h,F047_D4h_z4
JVASP-102161,Co4ZrTa,Td,4,d;f;s;z3,z3,C05_Td,F059_Td_z3
JVASP-102572,Ti6Si2,D6h,5,d;p;s;z3;z6,z3,C01_D6h,F050_D6h_z3
JVASP-102805,B4MoIr,D3h,3,d;s;z3,z3,C06_D3h,F109_D3h_z3
JVASP-103401,V6GeOs,Th,5,d;f;p;s;z3,f,C14_Th,F157_Th_f
JVASP-105372,Al3Ti,C2v,2,d;s,s,C09_C2v,F066_C2v_s
JVASP-105964,V6CoRh,Th,5,d;f;p;s;z3,f,C14_Th,F061_Th_f
JVASP-106141,Ni6AlGe,D4h,6,d;d_x2y2;d_xy;p;s;z4,z4,C02_D4h,F115_D4h_z4
JVASP-106354,Li3P2Mn,D2d,5,d;d_x2y2;d_xy;s;z4,z4,C10_D2d,F078_D2d_z4
JVASP-106380,B4Mo2Ru2,C2v,2,d;s,s,C09_C2v,F067_C2v_s
JVASP-106681,B4ZrNb,D6h,5,d;p;s;z3;z6,z6,C01_D6h,F137_D6h_z6
JVASP-106847,Al3Si3Mo3,D3,2,s;z3,z3,C20_D3,F096_D3_z3
JVASP-109708,Si4MnFe,D4h,6,d;d_x2y2;d_xy;p;s;z4,s,C02_D4h,F016_D4h_s
JVASP-110513,Cr6As2,Oh,5,d;f;p;s;z3,f,C00_Oh,F149_Oh_f
JVASP-113519,TiBeP,C2v,2,d;s,s,C09_C2v,F017_C2v_s
JVASP-113989,Cu2N2B,D2d,5,d;d_x2y2;d_xy;s;z4,s,C10_D2d,F079_D2d_s
JVASP-115430,NaAsSe,C2v,2,d;s,s,C09_C2v,F017_C2v_s
JVASP-115499,B2S2O2,D4h,6,d;d_x2y2;d_xy;p;s;z4,z4,C02_D4h,F116_D4h_z4
JVASP-115509,O2ScB,C4v,5,d;d_x2y2;d_xy;s;z4,z4,C03_C4v,F014_C4v_z4
JVASP-115790,O3CaGa,Oh,5,d;f;p;s;z3,f,C00_Oh,F001_Oh_f
JVASP-116053,F2TaN,C4v,5,d;d_x2y2;d_xy;s;z4,s,C03_C4v,F012_C4v_s
JVASP-117530,Cl2BaBr,C4v,5,d;d_x2y2;d_xy;s;z4,s,C03_C4v,F018_C4v_s
JVASP-118334,F2TiO,C4v,5,d;d_x2y2;d_xy;s;z4,s,C03_C4v,F012_C4v_s
JVASP-120108,Zn2Cl2O2,D4h,6,d;d_x2y2;d_xy;p;s;z4,z4,C02_D4h,F117_D4h_z4
JVASP-120303,N2TiAl,D2d,5,d;d_x2y2;d_xy;s;z4,z4,C10_D2d,F080_D2d_z4
JVASP-121026,O2RuF,D2h,3,d;p;s,s,C04_D2h,F084_D2h_s
JVASP-14642,V6As2,Oh,5,d;f;p;s;z3,f,C00_Oh,F004_Oh_f
JVASP-14772,Ti2S2,D6h,5,d;p;s;z3;z6,z3,C01_D6h,F002_D6h_z3
JVASP-14884,Mo6Al2,Oh,5,d;f;p;s;z3,f,C00_Oh,F004_Oh_f
JVASP-14885,Cr2B2,D2h,3,d;p;s,s,C04_D2h,F006_D2h_s
JVASP-14892,Cr4Si4,T,4,d;f;s;z3,z3,C17_T,F039_T_z3
JVASP-14900,Ni3Mo3P3,D3h,3,d;s;z3,z3,C06_D3h,F046_D3h_z3
JVASP-14903,Cr2B2Al,D2h,3,d;p;s,s,C04_D2h,F023_D2h_s
JVASP-14924,Co3B2Hf,D6h,5,d;p;s;z3;z6,z3,C01_D6h,F138_D6h_z3
JVASP-14932,Ti4B4,D2h,3,d;p;s,s,C04_D2h,F030_D2h_s
JVASP-14971,Ni3Al,Oh,5,d;f;p;s;z3,f,C00_Oh,F003_Oh_f
JVASP-15011,Be4Ta2,Oh,5,d;f;p;s;z3,f,C00_Oh,F001_Oh_f
JVASP-15120,Cr3GaN,Oh,5,d;f;p;s;z3,f,C00_Oh,F001_Oh_f
JVASP-15729,Mn3PtN,Oh,5,d;f;p;s;z3,f,C00_Oh,F001_Oh_f
JVASP-15734,Ti4Si4,D2h,3,d;p;s,s,C04_D2h,F030_D2h_s
JVASP-15750,Ru3ScC,Oh,5,d;f;p;s;z3,f,C00_Oh,F001_Oh_f
JVASP-15777,V6Ni2,Oh,5,d;f;p;s;z3,f,C00_Oh,F004_Oh_f
JVASP-15785,P4Cr2,C2h,3,d;p;s,s,C08_C2h,F062_C2h_s
JVASP-15854,Co3AlC,Oh,5,d;f;p;s;z3,f,C00_Oh,F001_Oh_f
JVASP-15938,Nb6Si2,Oh,5,d;f;p;s;z3,f,C00_Oh,F150_Oh_f
JVASP-15968,Cr3PdN,Oh,5,d;f;p;s;z3,f,C00_Oh,F001_Oh_f
JVASP-15969,Cr3PtN,Oh,5,d;f;p;s;z3,f,C00_Oh,F001_Oh_f
JVASP-16217,V4Ge2C2,D6h,5,d;p;s;z3;z6,z3,C01_D6h,F051_D6h_z3
JVASP-16218,Ti4Ge2C2,D6h,5,d;p;s;z3;z6,z3,C01_D6h,F002_D6h_z3
JVASP-16228,V2B2,D2h,3,d;p;s,s,C04_D2h,F006_D2h_s
JVASP-16320,Si6V3,D6,4,d;s;z3;z6,z3,C13_D6,F133_D6_z3
JVASP-16426,Sc4Al2,D6h,5,d;p;s;z3;z6,z3,C01_D6h,F139_D6h_z3
JVASP-16463,Be5Zr,D6h,5,d;p;s;z3;z6,z3,C01_D6h,F038_D6h_z3
JVASP-16647,Ti6Si2B,D3h,3,d;s;z3,z3,C06_D3h,F110_D3h_z3
JVASP-16660,Al4Ti2,D2h,3,d;p;s,s,C04_D2h,F024_D2h_s
JVASP-16762,Al6W3,D6,4,d;s;z3;z6,z3,C13_D6,F134_D6_z3
JVASP-16781,Rh3Cr,Oh,5,d;f;p;s;z3,f,C00_Oh,F003_Oh_f
JVASP-16869,Si2Ca,D6h,5,d;p;s;z3;z6,z3,C01_D6h,F002_D6h_z3
JVASP-16903,Sc4Al2C2,D6h,5,d;p;s;z3;z6,z3,C01_D6h,F002_D6h_z3
JVASP-16924,O3AlV,Oh,5,d;f;p;s;z3,f,C00_Oh,F001_Oh_f
JVASP-17310,Nb4C3,Oh,5,d;f;p;s;z3,f,C00_Oh,F151_Oh_f
JVASP-17334,Mn2N2,C2v,2,d;s,s,C09_C2v,F068_C2v_s
JVASP-17353,O3AlCr,Oh,5,d;f;p;s;z3,f,C00_Oh,F001_Oh_f
JVASP-17455,O3Fe2Na,D3d,3,p;s;z3,z3,C07_D3d,F098_D3d_z3
JVASP-17515,Cr4Ge2C2,D6h,5,d;p;s;z3;z6,z3,C01_D6h,F051_D6h_z3
JVASP-17558,V4As4,D2h,3,d;p;s,s,C04_D2h,F085_D2h_s
JVASP-17673,Ti3InC,Oh,5,d;f;p;s;z3,f,C00_Oh,F001_Oh_f
JVASP-17794,Cr6Ge2,Oh,5,d;f;p;s;z3,f,C00_Oh,F004_Oh_f
JVASP-17837,Mn2V2As2,D4h,6,d;d_x2y2;d_xy;p;s;z4,z4,C02_D4h,F118_D4h_z4
JVASP-17853,Co4B4,D2h,3,d;p;s,s,C04_D2h,F030_D2h_s
JVASP-17912,V4In2C2,D6h,5,d;p;s;z3;z6,z3,C01_D6h,F002_D6h_z3
JVASP-17944,Cr4P4,D2h,3,d;p;s,s,C04_D2h,F031_D2h_s
JVASP-18020,Cr3RhN,Oh,5,d;f;p;s;z3,f,C00_Oh,F001_Oh_f
JVASP-18097,Nb3Cr3Ge3,D3h,3,d;s;z3,z3,C06_D3h,F111_D3h_z3
JVASP-18258,Co4N2,D2h,3,d;p;s,s,C04_D2h,F086_D2h_s
JVASP-18950,O4Rh2,D4h,6,d;d_x2y2;d_xy;p;s;z4,z4,C02_D4h,F033_D4h_z4
JVASP-18955,Ti4P4,D6h,5,d;p;s;z3;z6,z3,C01_D6h,F002_D6h_z3
JVASP-19614,F4Pd2,D4h,6,d;d_x2y2;d_xy;p;s;z4,z4,C02_D4h,F048_D4h_z4
JVASP-19765,V6Rh2,Oh,5,d;f;p;s;z3,f,C00_Oh,F004_Oh_f
JVASP-19769,V6Co2,Oh,5,d;f;p;s;z3,f,C00_Oh,F004_Oh_f
JVASP-19777,Cr6Ir2,Oh,5,d;f;p;s;z3,f,C00_Oh,F004_Oh_f
JVASP-19852,O4Ru2,D4h,6,d;d_x2y2;d_xy;p;s;z4,z4,C02_D4h,F034_D4h_z4
JVASP-20067,B6K,Oh,5,d;f;p;s;z3,f,C00_Oh,F152_Oh_f
JVASP-20085,V2P2,D6h,5,d;p;s;z3;z6,z3,C01_D6h,F002_D6h_z3
JVASP-20204,Ti6Al2,D6h,5,d;p;s;z3;z6,z3,C01_D6h,F052_D6h_z3
JVASP-20275,V6Ir2,Oh,5,d;f;p;s;z3,f,C00_Oh,F004_Oh_f
JVASP-20434,V6Pt2,Oh,5,d;f;p;s;z3,f,C00_Oh,F004_Oh_f
JVASP-20481,V4S4,D2h,3,d;p;s,s,C04_D2h,F031_D2h_s
JVASP-20554,Be4Nb2,Oh,5,d;f;p;s;z3,f,C00_Oh,F001_Oh_f
JVASP-34349,Ti2S2,D6h,5,d;p;s;z3;z6,z3,C01_D6h,F002_D6h_z3
JVASP-35026,O4Pd2,D4h,6,d;d_x2y2;d_xy;p;s;z4,z4,C02_D4h,F034_D4h_z4
JVASP-35497,Y2Fe2Si2C,C2h,3,d;p;s,s,C08_C2h,F040_C2h_s
JVASP-35526,C3Y2Cr2,C2h,3,d;p;s,s,C08_C2h,F063_C2h_s
JVASP-35682,Co3Nb,Oh,5,d;f;p;s;z3,f,C00_Oh,F003_Oh_f
JVASP-35957,Mn3N2,D3d,3,p;s;z3,z3,C07_D3d,F099_D3d_z3
JVASP-36169,Co3W,Oh,5,d;f;p;s;z3,f,C00_Oh,F003_Oh_f
JVASP-36173,Co3Mo,Oh,5,d;f;p;s;z3,f,C00_Oh,F003_Oh_f
JVASP-36199,Al3V,Oh,5,d;f;p;s;z3,f,C00_Oh,F003_Oh_f
JVASP-36654,Co3V,Oh,5,d;f;p;s;z3,f,C00_Oh,F003_Oh_f
JVASP-36657,V2N2,D6h,5,d;p;s;z3;z6,z3,C01_D6h,F015_D6h_z3
JVASP-37096,B2Mo2,D2h,3,d;p;s,s,C04_D2h,F006_D2h_s
JVASP-37098,Sc2C2,D6h,5,d;p;s;z3;z6,z3,C01_D6h,F015_D6h_z3
JVASP-37883,O3CaB,Oh,5,d;f;p;s;z3,f,C00_Oh,F001_Oh_f
JVASP-37941,Al6Fe2,D6h,5,d;p;s;z3;z6,z3,C01_D6h,F053_D6h_z3
JVASP-39772,Ru2LiSi,Oh,5,d;f;p;s;z3,s,C00_Oh,F000_Oh_s
JVASP-39974,Ir2MgTa,Oh,5,d;f;p;s;z3,s,C00_Oh,F000_Oh_s
JVASP-40624,O5K2Rh2,D4h,6,d;d_x2y2;d_xy;p;s;z4,z4,C02_D4h,F119_D4h_z4
JVASP-41256,Rh2HfGa,Oh,5,d;f;p;s;z3,s,C00_Oh,F000_Oh_s
JVASP-41603,V2TcRu,Oh,5,d;f;p;s;z3,s,C00_Oh,F000_Oh_s
JVASP-42657,O4Fe2,D4h,6,d;d_x2y2;d_xy;p;s;z4,z4,C02_D4h,F120_D4h_z4
JVASP-4316,B2Mo,D6h,5,d;p;s;z3;z6,z3,C01_D6h,F002_D6h_z3
JVASP-4406,Si2Sc,D6h,5,d;p;s;z3;z6,z3,C01_D6h,F002_D6h_z3
JVASP-47455,O4VSn,D2h,3,d;p;s,s,C04_D2h,F087_D2h_s
JVASP-48131,O3Fe2F,C2v,2,d;s,s,C09_C2v,F069_C2v_s
JVASP-50092,Ti3O3,Oh,5,d;f;p;s;z3,f,C00_Oh,F153_Oh_f
JVASP-55218,Mn3RhN,Oh,5,d;f;p;s;z3,f,C00_Oh,F001_Oh_f
JVASP-67418,Be2VRu,C4v,5,d;d_x2y2;d_xy;s;z4,z4,C03_C4v,F009_C4v_z4
JVASP-69372,P2BaPb,C4v,5,d;d_x2y2;d_xy;s;z4,s,C03_C4v,F018_C4v_s
JVASP-69621,Be2VFe,Td,4,d;f;s;z3,s,C05_Td,F005_Td_s
JVASP-70225,Be2CrFe,C4v,5,d;d_x2y2;d_xy;s;z4,z4,C03_C4v,F014_C4v_z4
JVASP-71009,Sc2BeBr,D4h,6,d;d_x2y2;d_xy;p;s;z4,z4,C02_D4h,F049_D4h_z4
JVASP-71027,Rh2MnBe,C4v,5,d;d_x2y2;d_xy;s;z4,z4,C03_C4v,F043_C4v_z4
JVASP-71169,Co4BeNb,Td,4,d;f;s;z3,z3,C05_Td,F060_Td_z3
JVASP-71188,Ir2BeGe,C4v,5,d;d_x2y2;d_xy;s;z4,z4,C03_C4v,F007_C4v_z4
JVASP-71220,Mn2BeIr,C4v,5,d;d_x2y2;d_xy;s;z4,z4,C03_C4v,F007_C4v_z4
JVASP-71569,Be2TiV,D4h,6,d;d_x2y2;d_xy;p;s;z4,z4,C02_D4h,F010_D4h_z4
JVASP-74055,Mn2BeFe,C4v,5,d;d_x2y2;d_xy;s;z4,z4,C03_C4v,F007_C4v_z4
JVASP-74805,Be2FeSi,D4h,6,d;d_x2y2;d_xy;p;s;z4,z4,C02_D4h,F011_D4h_z4
JVASP-74920,Be2MoP,D4h,6,d;d_x2y2;d_xy;p;s;z4,z4,C02_D4h,F011_D4h_z4
JVASP-7899,O3W,Oh,5,d;f;p;s;z3,f,C00_Oh,F003_Oh_f
JVASP-79816,Fe2S2,D6h,5,d;p;s;z3;z6,z3,C01_D6h,F015_D6h_z3
JVASP-8008,Ni4B2,D4h,6,d;d_x2y2;d_xy;p;s;z4,z4,C02_D4h,F121_D4h_z4
JVASP-8178,Fe4Si4,T,4,d;f;s;z3,z3,C17_T,F039_T_z3
JVASP-85032,Be2RuRh,C2h,3,d;p;s,s,C08_C2h,F019_C2h_s
JVASP-8528,Ru3NbC,Oh,5,d;f;p;s;z3,f,C00_Oh,F001_Oh_f
JVASP-89933,Ti3Cr3As3,D3h,3,d;s;z3,z3,C06_D3h,F112_D3h_z3
JVASP-90136,Ti3Fe3As3,D3h,3,d;s;z3,z3,C06_D3h,F113_D3h_z3
JVASP-90617,Co6Ta2,D6h,5,d;p;s;z3;z6,z3,C01_D6h,F050_D6h_z3
JVASP-91708,V6Fe2,Oh,5,d;f;p;s;z3,f,C00_Oh,F058_Oh_f
JVASP-92687,N3V2,D3d,3,p;s;z3,z3,C07_D3d,F100_D3d_z3
JVASP-93232,O3SrCu,Oh,5,d;f;p;s;z3,f,C00_Oh,F001_Oh_f
JVASP-93356,Co4Zr2,Oh,5,d;f;p;s;z3,f,C00_Oh,F001_Oh_f
JVASP-93360,Al4Sc2,Oh,5,d;f;p;s;z3,f,C00_Oh,F001_Oh_f
JVASP-93368,Nb3O3,Oh,5,d;f;p;s;z3,f,C00_Oh,F154_Oh_f
JVASP-93823,H4MgTi,D4h,6,d;d_x2y2;d_xy;p;s;z4,z4,C02_D4h,F122_D4h_z4
JVASP-93895,Co4Ti2,Oh,5,d;f;p;s;z3,f,C00_Oh,F001_Oh_f
JVASP-94854,S4V2Co,C2h,3,d;p;s,s,C08_C2h,F019_C2h_s
JVASP-94898,S4V2Cr,C2h,3,d;p;s,s,C08_C2h,F019_C2h_s
JVASP-99406,Al3Hf2Ag,D3d,3,p;s;z3,z3,C07_D3d,F101_D3d_z3
JVASP-99516,Ca2B2C2,D6h,5,d;p;s;z3;z6,z3,C01_D6h,F054_D6h_z3
JVASP-99585,B2CrMo,C2v,2,d;s,s,C09_C2v,F017_C2v_s
JVASP-99903,N4Zr3Al,D4h,6,d;d_x2y2;d_xy;p;s;z4,z4,C02_D4h,F123_D4h_z4
JVASP-114723,O2CaZr,C4v,5,d;d_x2y2;d_xy;s;z4,s,C03_C4v,F018_C4v_s
JVASP-115267,O3Nb,C1,1,s,s,C11_C1,F022_C1_s
JVASP-14513,Ti6Hg2,Oh,5,d;f;p;s;z3,f,C00_Oh,F004_Oh_f
JVASP-11984,Re6Co2,D6h,5,d;p;s;z3;z6,z3,C01_D6h,F053_D6h_z3
JVASP-14504,Co4Hf2,Oh,5,d;f;p;s;z3,f,C00_Oh,F001_Oh_f
JVASP-14524,Mo6Ga2,Oh,5,d;f;p;s;z3,f,C00_Oh,F004_Oh_f
JVASP-15080,Si2Sc,D6h,5,d;p;s;z3;z6,z3,C01_D6h,F002_D6h_z3
JVASP-15410,Ti3TlC,Oh,5,d;f;p;s;z3,f,C00_Oh,F001_Oh_f
JVASP-15429,Zr4Al2N2,D6h,5,d;p;s;z3;z6,z3,C01_D6h,F002_D6h_z3
JVASP-16412,Si6V3,D6,4,d;s;z3;z6,z3,C13_D6,F135_D6_z3
JVASP-16588,Ru3Nb,Oh,5,d;f;p;s;z3,f,C00_Oh,F003_Oh_f
JVASP-16798,P4Ru4,D2h,3,d;p;s,s,C04_D2h,F088_D2h_s
JVASP-18446,S4Cr2Ni,C2h,3,d;p;s,s,C08_C2h,F019_C2h_s
JVASP-18507,P4Ni2Ba,D4h,6,d;d_x2y2;d_xy;p;s;z4,s,C02_D4h,F124_D4h_s
JVASP-19755,V6Sb2,Oh,5,d;f;p;s;z3,f,C00_Oh,F004_Oh_f
JVASP-19844,Al4Sc2,Oh,5,d;f;p;s;z3,f,C00_Oh,F001_Oh_f
JVASP-19919,B2Mo,D6h,5,d;p;s;z3;z6,z3,C01_D6h,F002_D6h_z3
JVASP-20086,Mo6Ir2,Oh,5,d;f;p;s;z3,f,C00_Oh,F004_Oh_f
JVASP-20098,Rh3Ti,Oh,5,d;f;p;s;z3,f,C00_Oh,F003_Oh_f
JVASP-20462,Ti6Al2,D6h,5,d;p;s;z3;z6,z3,C01_D6h,F052_D6h_z3
JVASP-20544,V6Ir2,Oh,5,d;f;p;s;z3,f,C00_Oh,F004_Oh_f
JVASP-20580,Fe2S2,D6h,5,d;p;s;z3;z6,z3,C01_D6h,F015_D6h_z3
JVASP-20626,V6Pt2,Oh,5,d;f;p;s;z3,f,C00_Oh,F004_Oh_f
JVASP-37038,Al3Ti,Oh,5,d;f;p;s;z3,f,C00_Oh,F003_Oh_f
JVASP-37536,Ti2Pd2,D2h,3,d;p;s,s,C04_D2h,F024_D2h_s
JVASP-37636,O3ScSn,Oh,5,d;f;p;s;z3,f,C00_Oh,F001_Oh_f
JVASP-37783,Fe2HfAl,Oh,5,d;f;p;s;z3,s,C00_Oh,F000_Oh_s
JVASP-39945,Al2FeIr,Oh,5,d;f;p;s;z3,s,C00_Oh,F000_Oh_s
JVASP-40033,Ru2TiAl,Oh,5,d;f;p;s;z3,s,C00_Oh,F000_Oh_s
JVASP-4403,Ni3Al,Oh,5,d;f;p;s;z3,f,C00_Oh,F003_Oh_f
JVASP-54783,Rh2VSn,Oh,5,d;f;p;s;z3,s,C00_Oh,F000_Oh_s
JVASP-56344,Rh3ScB,Oh,5,d;f;p;s;z3,f,C00_Oh,F001_Oh_f
JVASP-62158,Ti3Cr3As3,D3h,3,d;s;z3,z3,C06_D3h,F046_D3h_z3
JVASP-8075,Mo6Ge2,Oh,5,d;f;p;s;z3,f,C00_Oh,F004_Oh_f
JVASP-14528,Cr4Ta2,Oh,5,d;f;p;s;z3,f,C00_Oh,F001_Oh_f
JVASP-14557,Rh3Nb,Oh,5,d;f;p;s;z3,f,C00_Oh,F003_Oh_f
JVASP-14722,Cr6Pt2,Oh,5,d;f;p;s;z3,f,C00_Oh,F004_Oh_f
JVASP-14774,Cr4Nb2,Oh,5,d;f;p;s;z3,f,C00_Oh,F001_Oh_f
JVASP-14891,Al2B2Mo2,D2h,3,d;p;s,s,C04_D2h,F006_D2h_s
JVASP-15003,Nb6Pt2,Oh,5,d;f;p;s;z3,f,C00_Oh,F004_Oh_f
JVASP-15030,O4Ir2,D4h,6,d;d_x2y2;d_xy;p;s;z4,z4,C02_D4h,F048_D4h_z4
JVASP-15615,O3BaIr,Oh,5,d;f;p;s;z3,f,C00_Oh,F001_Oh_f
JVASP-15727,Hf3Mo3P3,D3h,3,d;s;z3,z3,C06_D3h,F114_D3h_z3
JVASP-15896,Sc3TlB,Oh,5,d;f;p;s;z3,f,C00_Oh,F001_Oh_f
JVASP-16659,Ni4ScSn,Td,4,d;f;s;z3,z3,C05_Td,F060_Td_z3
JVASP-17473,O3BaMo,Oh,5,d;f;p;s;z3,f,C00_Oh,F001_Oh_f
JVASP-17939,Sc3PbC,Oh,5,d;f;p;s;z3,f,C00_Oh,F001_Oh_f
JVASP-18546,Rh3YB,Oh,5,d;f;p;s;z3,f,C00_Oh,F001_Oh_f
JVASP-19592,Zr6O2,D6,4,d;s;z3;z6,z3,C13_D6,F136_D6_z3
JVASP-19597,Rh3Hf,Oh,5,d;f;p;s;z3,f,C00_Oh,F003_Oh_f
JVASP-19936,O4Os2,D4h,6,d;d_x2y2;d_xy;p;s;z4,z4,C02_D4h,F033_D4h_z4
JVASP-20070,Ir3V,Oh,5,d;f;p;s;z3,f,C00_Oh,F003_Oh_f
JVASP-20075,Ir3Ti,Oh,5,d;f;p;s;z3,f,C00_Oh,F003_Oh_f
JVASP-20246,Nb6Os2,Oh,5,d;f;p;s;z3,f,C00_Oh,F004_Oh_f
JVASP-36674,Ni3CdN,Oh,5,d;f;p;s;z3,f,C00_Oh,F001_Oh_f
JVASP-37858,Al2CoOs,Oh,5,d;f;p;s;z3,s,C00_Oh,F000_Oh_s
JVASP-38968,O3TaBe,Oh,5,d;f;p;s;z3,f,C00_Oh,F001_Oh_f
JVASP-40024,Ir2TiGa,Oh,5,d;f;p;s;z3,s,C00_Oh,F000_Oh_s
JVASP-40492,Ru2ScSn,Oh,5,d;f;p;s;z3,s,C00_Oh,F000_Oh_s
JVASP-40540,Mn2TaTi,Oh,5,d;f;p;s;z3,s,C00_Oh,F000_Oh_s
JVASP-41523,V3Ru,Oh,5,d;f;p;s;z3,s,C00_Oh,F000_Oh_s
JVASP-41590,Ru2VZn,Oh,5,d;f;p;s;z3,s,C00_Oh,F000_Oh_s
JVASP-7851,O3SrMo,Oh,5,d;f;p;s;z3,f,C00_Oh,F001_Oh_f
JVASP-7997,Rh3Zr,Oh,5,d;f;p;s;z3,f,C00_Oh,F003_Oh_f
JVASP-103684,SrBeSi,D3h,3,d;s;z3,z3,C06_D3h,F008_D3h_z3
JVASP-105985,SrZnSi,D3h,3,d;s;z3,z3,C06_D3h,F008_D3h_z3
JVASP-106123,CaBeSi,D3h,3,d;s;z3,z3,C06_D3h,F008_D3h_z3
JVASP-108072,SrGaSi,D3h,3,d;s;z3,z3,C06_D3h,F008_D3h_z3
JVASP-111325,ZrBeB,D3h,3,d;s;z3,z3,C06_D3h,F008_D3h_z3
JVASP-113690,AlSbO,C4v,5,d;d_x2y2;d_xy;s;z4,s,C03_C4v,F018_C4v_s
JVASP-114020,BaBrO,Cs,2,d;s,s,C12_Cs,F044_Cs_s
JVASP-115194,I2Li,D2h,3,d;p;s,s,C04_D2h,F023_D2h_s
JVASP-115398,F2Pd,D2h,3,d;p;s,s,C04_D2h,F006_D2h_s
JVASP-115762,NaCO,Cs,2,d;s,s,C12_Cs,F075_Cs_s
JVASP-116051,TaNF,D3h,3,d;s;z3,z3,C06_D3h,F008_D3h_z3
JVASP-116236,S2La,D2h,3,d;p;s,s,C04_D2h,F006_D2h_s
JVASP-116374,F2Nb,D4h,6,d;d_x2y2;d_xy;p;s;z4,s,C02_D4h,F016_D4h_s
JVASP-116379,O2Nb,D2h,3,d;p;s,s,C04_D2h,F006_D2h_s
JVASP-118338,TiOF,D4h,6,d;d_x2y2;d_xy;p;s;z4,s,C02_D4h,F016_D4h_s
JVASP-118527,O2Hf,C2v,2,d;s,s,C09_C2v,F028_C2v_s
JVASP-118592,N2La,Ci,2,p;s,s,C16_Ci,F072_Ci_s
JVASP-118904,N2Li,C2h,3,d;p;s,s,C08_C2h,F019_C2h_s
JVASP-120177,SiOF,D3h,3,d;s;z3,z3,C06_D3h,F008_D3h_z3
JVASP-120277,LiAlN,D3h,3,d;s;z3,z3,C06_D3h,F008_D3h_z3
JVASP-14496,Nb2C,D3d,3,p;s;z3,s,C07_D3d,F013_D3d_s
JVASP-15255,SrAlSi,D3h,3,d;s;z3,z3,C06_D3h,F008_D3h_z3
JVASP-15923,Ta2N,D3d,3,p;s;z3,s,C07_D3d,F013_D3d_s
JVASP-17215,SrAlGe,D3h,3,d;s;z3,z3,C06_D3h,F008_D3h_z3
JVASP-17322,MgNiSb,Td,4,d;f;s;z3,s,C05_Td,F005_Td_s
JVASP-19933,Ga2Ca,D6h,5,d;p;s;z3;z6,z3,C01_D6h,F002_D6h_z3
JVASP-20237,Ga2Y,D6h,5,d;p;s;z3;z6,z3,C01_D6h,F002_D6h_z3
JVASP-311,Ti2O,D3d,3,p;s;z3,s,C07_D3d,F013_D3d_s
JVASP-572,S2V,D3d,3,p;s;z3,s,C07_D3d,F013_D3d_s
JVASP-578,S2Nb,D3d,3,p;s;z3,s,C07_D3d,F013_D3d_s
JVASP-67265,TiBeRh,C3v,2,s;z3,s,C15_C3v,F042_C3v_s
JVASP-67588,ScBeRh,D3h,3,d;s;z3,z3,C06_D3h,F008_D3h_z3
JVASP-70115,HfBeCu,D3h,3,d;s;z3,z3,C06_D3h,F008_D3h_z3
JVASP-70233,ScBeGe,D3h,3,d;s;z3,z3,C06_D3h,F008_D3h_z3
JVASP-74557,ScBeIn,D3h,3,d;s;z3,z3,C06_D3h,F008_D3h_z3
JVASP-115789,O2CaGa,C4v,5,d;d_x2y2;d_xy;s;z4,z4,C03_C4v,F007_C4v_z4
JVASP-115343,O2TiSn,C4v,5,d;d_x2y2;d_xy;s;z4,s,C03_C4v,F012_C4v_s
JVASP-118844,N2CaAs,C4v,5,d;d_x2y2;d_xy;s;z4,s,C03_C4v,F012_C4v_s
JVASP-100511,Zn2TiPd,Oh,5,d;f;p;s;z3,s,C00_Oh,F000_Oh_s
JVASP-100835,Se2GaCu,D4h,6,d;d_x2y2;d_xy;p;s;z4,z4,C02_D4h,F049_D4h_z4
JVASP-105494,Zn2HfGa,D4h,6,d;d_x2y2;d_xy;p;s;z4,z4,C02_D4h,F035_D4h_z4
JVASP-106147,Mg2LiIr,Oh,5,d;f;p;s;z3,s,C00_Oh,F000_Oh_s
JVASP-109989,Li3Sn,Oh,5,d;f;p;s;z3,s,C00_Oh,F000_Oh_s
JVASP-12104,Fe2S2,D4h,6,d;d_x2y2;d_xy;p;s;z4,s,C02_D4h,F016_D4h_s
JVASP-1219,Cu2O2,D4h,6,d;d_x2y2;d_xy;p;s;z4,z4,C02_D4h,F036_D4h_z4
JVASP-14781,Pd3Y,Oh,5,d;f;p;s;z3,f,C00_Oh,F003_Oh_f
JVASP-15118,Li2GaRh,Td,4,d;f;s;z3,s,C05_Td,F005_Td_s
JVASP-15694,Ca2Ga2,D2h,3,d;p;s,s,C04_D2h,F006_D2h_s
JVASP-16363,Cu2HfAl,Oh,5,d;f;p;s;z3,s,C00_Oh,F000_Oh_s
JVASP-16499,Cu2ScGa,Oh,5,d;f;p;s;z3,s,C00_Oh,F000_Oh_s
JVASP-16583,Al2LiIr,Oh,5,d;f;p;s;z3,s,C00_Oh,F000_Oh_s
JVASP-16683,Ag2LiAl,Oh,5,d;f;p;s;z3,s,C00_Oh,F000_Oh_s
JVASP-16738,Pt3Ti,Oh,5,d;f;p;s;z3,f,C00_Oh,F003_Oh_f
JVASP-17428,Pd2ScAl,Oh,5,d;f;p;s;z3,s,C00_Oh,F000_Oh_s
JVASP-17540,Ni2ZrSn,Oh,5,d;f;p;s;z3,s,C00_Oh,F000_Oh_s
JVASP-17553,Ni2MgIn,Oh,5,d;f;p;s;z3,s,C00_Oh,F000_Oh_s
JVASP-17757,Ga2LiRu,Oh,5,d;f;p;s;z3,s,C00_Oh,F000_Oh_s
JVASP-17953,Cu2ScIn,Oh,5,d;f;p;s;z3,s,C00_Oh,F000_Oh_s
JVASP-18617,Li2SnAu,Td,4,d;f;s;z3,s,C05_Td,F005_Td_s
JVASP-18687,Cu2ZnNi,D4h,6,d;d_x2y2;d_xy;p;s;z4,z4,C02_D4h,F035_D4h_z4
JVASP-18688,Rh2CuSn,Oh,5,d;f;p;s;z3,s,C00_Oh,F000_Oh_s
JVASP-18741,Ni2MgSb,Oh,5,d;f;p;s;z3,s,C00_Oh,F000_Oh_s
JVASP-18765,Li2AlPt,Td,4,d;f;s;z3,s,C05_Td,F005_Td_s
JVASP-18767,Li2AlRh,Td,4,d;f;s;z3,s,C05_Td,F005_Td_s
JVASP-19674,Pd2O2,D4h,6,d;d_x2y2;d_xy;p;s;z4,z4,C02_D4h,F036_D4h_z4
JVASP-19842,Ni2Sb2,D6h,5,d;p;s;z3;z6,z3,C01_D6h,F021_D6h_z3
JVASP-20506,Ga2Y,D6h,5,d;p;s;z3;z6,z3,C01_D6h,F002_D6h_z3
JVASP-35970,Se2LiZr,D3d,3,p;s;z3,z3,C07_D3d,F032_D3d_z3
JVASP-359,Zr2Te2,D6h,5,d;p;s;z3;z6,s,C01_D6h,F055_D6h_s
JVASP-37092,Si2Ni2,D2h,3,d;p;s,s,C04_D2h,F089_D2h_s
JVASP-37414,W3Ta,Oh,5,d;f;p;s;z3,s,C00_Oh,F000_Oh_s
JVASP-37463,Ru2YNb,Oh,5,d;f;p;s;z3,s,C00_Oh,F000_Oh_s
JVASP-38820,Ta2CrRu,Oh,5,d;f;p;s;z3,s,C00_Oh,F000_Oh_s
JVASP-38821,Zn2PtRh,Oh,5,d;f;p;s;z3,s,C00_Oh,F000_Oh_s
JVASP-38858,Zr2OsRu,Oh,5,d;f;p;s;z3,s,C00_Oh,F000_Oh_s
JVASP-39096,Tc2SiW,Oh,5,d;f;p;s;z3,s,C00_Oh,F000_Oh_s
JVASP-39109,Sc2AlIr,Oh,5,d;f;p;s;z3,s,C00_Oh,F000_Oh_s
JVASP-39117,Sc2GaIr,Oh,5,d;f;p;s;z3,s,C00_Oh,F000_Oh_s
JVASP-39828,Ir2BeSi,Oh,5,d;f;p;s;z3,s,C00_Oh,F000_Oh_s
JVASP-39836,Zn2LiRh,Oh,5,d;f;p;s;z3,s,C00_Oh,F000_Oh_s
JVASP-39845,Ir2MgAl,Oh,5,d;f;p;s;z3,s,C00_Oh,F000_Oh_s
JVASP-39947,Rh2AlZn,Oh,5,d;f;p;s;z3,s,C00_Oh,F000_Oh_s
JVASP-39985,Rh2MgSi,Oh,5,d;f;p;s;z3,s,C00_Oh,F000_Oh_s
JVASP-39989,Co2HfZn,Oh,5,d;f;p;s;z3,s,C00_Oh,F000_Oh_s
JVASP-40261,Rh2LiHf,Oh,5,d;f;p;s;z3,s,C00_Oh,F000_Oh_s
JVASP-40343,Sc2ZnOs,Oh,5,d;f;p;s;z3,s,C00_Oh,F000_Oh_s
JVASP-40502,Rh2BeSi,Oh,5,d;f;p;s;z3,s,C00_Oh,F000_Oh_s
JVASP-40547,Rh2LiV,Oh,5,d;f;p;s;z3,s,C00_Oh,F000_Oh_s
JVASP-40613,Rh2ScCd,Oh,5,d;f;p;s;z3,s,C00_Oh,F000_Oh_s
JVASP-41041,Ta2OsW,Oh,5,d;f;p;s;z3,s,C00_Oh,F000_Oh_s
JVASP-41045,Zn2NiRh,Oh,5,d;f;p;s;z3,s,C00_Oh,F000_Oh_s
JVASP-41105,Rh2LiSn,Oh,5,d;f;p;s;z3,s,C00_Oh,F000_Oh_s
JVASP-41690,Ru2GaSi,Oh,5,d;f;p;s;z3,s,C00_Oh,F000_Oh_s
JVASP-41850,Sc2GaOs,Oh,5,d;f;p;s;z3,s,C00_Oh,F000_Oh_s
JVASP-41862,Rh2LiAs,Oh,5,d;f;p;s;z3,s,C00_Oh,F000_Oh_s
JVASP-41868,Sc2NiIr,Oh,5,d;f;p;s;z3,s,C00_Oh,F000_Oh_s
JVASP-41869,Sc2NiOs,Oh,5,d;f;p;s;z3,s,C00_Oh,F000_Oh_s
JVASP-41877,Sc2IrRu,Oh,5,d;f;p;s;z3,s,C00_Oh,F000_Oh_s
JVASP-41878,Sc2PdRu,Oh,5,d;f;p;s;z3,s,C00_Oh,F000_Oh_s
JVASP-41894,Sc2AgRu,Oh,5,d;f;p;s;z3,s,C00_Oh,F000_Oh_s
JVASP-41923,Tc2ScRe,Oh,5,d;f;p;s;z3,s,C00_Oh,F000_Oh_s
JVASP-41977,Os2AlV,Oh,5,d;f;p;s;z3,s,C00_Oh,F000_Oh_s
JVASP-51456,Pd3Ti,Oh,5,d;f;p;s;z3,f,C00_Oh,F003_Oh_f
JVASP-65030,Be2CuIr,C4v,5,d;d_x2y2;d_xy;s;z4,z4,C03_C4v,F007_C4v_z4
JVASP-66845,Be2SiPt,C4v,5,d;d_x2y2;d_xy;s;z4,z4,C03_C4v,F009_C4v_z4
JVASP-67536,Be2ZnPd,D4h,6,d;d_x2y2;d_xy;p;s;z4,z4,C02_D4h,F037_D4h_z4
JVASP-67710,Zn2ScBe,Td,4,d;f;s;z3,s,C05_Td,F005_Td_s
JVASP-68417,Be2PdRh,D4h,6,d;d_x2y2;d_xy;p;s;z4,z4,C02_D4h,F011_D4h_z4
JVASP-68512,Be2PdPt,D4h,6,d;d_x2y2;d_xy;p;s;z4,z4,C02_D4h,F011_D4h_z4
JVASP-69869,Be2PtRh,C4v,5,d;d_x2y2;d_xy;s;z4,z4,C03_C4v,F007_C4v_z4
JVASP-70888,Pd2NaBe,C4v,5,d;d_x2y2;d_xy;s;z4,z4,C03_C4v,F009_C4v_z4
JVASP-71268,Be2NiP,D4h,6,d;d_x2y2;d_xy;p;s;z4,z4,C02_D4h,F011_D4h_z4
JVASP-72942,Be2MgPd,Oh,5,d;f;p;s;z3,s,C00_Oh,F000_Oh_s
JVASP-74422,Hf2BeTc,Oh,5,d;f;p;s;z3,s,C00_Oh,F000_Oh_s
JVASP-77079,Be2IrRh,C2h,3,d;p;s,s,C08_C2h,F041_C2h_s
JVASP-118852,As2NaCa,C4v,5,d;d_x2y2;d_xy;s;z4,s,C03_C4v,F012_C4v_s
JVASP-100290,Ca2LiGe,Oh,5,d;f;p;s;z3,s,C00_Oh,F000_Oh_s
JVASP-100385,Hf2AlSi,C2v,2,d;s,s,C09_C2v,F017_C2v_s
JVASP-101565,Ru2HfTa,Oh,5,d;f;p;s;z3,s,C00_Oh,F000_Oh_s
JVASP-105726,Ca2MgCd,Oh,5,d;f;p;s;z3,s,C00_Oh,F000_Oh_s
JVASP-106482,Al2FeRh,Oh,5,d;f;p;s;z3,s,C00_Oh,F000_Oh_s
JVASP-107362,Ni2BeSi,D4h,6,d;d_x2y2;d_xy;p;s;z4,z4,C02_D4h,F037_D4h_z4
JVASP-107680,Nb3Os,Oh,5,d;f;p;s;z3,s,C00_Oh,F000_Oh_s
JVASP-114924,F2ZnN,C4v,5,d;d_x2y2;d_xy;s;z4,z4,C03_C4v,F009_C4v_z4
JVASP-118531,Hf2O2,D4h,6,d;d_x2y2;d_xy;p;s;z4,z4,C02_D4h,F010_D4h_z4
JVASP-118722,O2MgTa,C4v,5,d;d_x2y2;d_xy;s;z4,z4,C03_C4v,F007_C4v_z4
JVASP-120274,O2LaAl,C4v,5,d;d_x2y2;d_xy;s;z4,z4,C03_C4v,F007_C4v_z4
JVASP-120283,Li3F,C1,1,s,s,C11_C1,F022_C1_s
JVASP-14508,Ni2As2,D6h,5,d;p;s;z3;z6,z3,C01_D6h,F021_D6h_z3
JVASP-14738,Pt3Sc,Oh,5,d;f;p;s;z3,f,C00_Oh,F003_Oh_f
JVASP-14886,Ir3Ta,Oh,5,d;f;p;s;z3,f,C00_Oh,F003_Oh_f
JVASP-15403,Ni2ScSn,Oh,5,d;f;p;s;z3,s,C00_Oh,F000_Oh_s
JVASP-15444,Cu2TiAl,Oh,5,d;f;p;s;z3,s,C00_Oh,F000_Oh_s
JVASP-15451,Ni2NbAl,Oh,5,d;f;p;s;z3,s,C00_Oh,F000_Oh_s
JVASP-15657,Ni2TaAl,Oh,5,d;f;p;s;z3,s,C00_Oh,F000_Oh_s
JVASP-16226,Y2Ge2,D2h,3,d;p;s,s,C04_D2h,F006_D2h_s
JVASP-16430,Y2Al2,D2h,3,d;p;s,s,C04_D2h,F006_D2h_s
JVASP-16432,Al3Y,Oh,5,d;f;p;s;z3,f,C00_Oh,F003_Oh_f
JVASP-16521,Ni2ScGa,Oh,5,d;f;p;s;z3,s,C00_Oh,F000_Oh_s
JVASP-16533,Y2Ga2,D2h,3,d;p;s,s,C04_D2h,F006_D2h_s
JVASP-16591,Ni3Sn,Oh,5,d;f;p;s;z3,f,C00_Oh,F003_Oh_f
JVASP-17402,Ni2LiGe,Oh,5,d;f;p;s;z3,s,C00_Oh,F000_Oh_s
JVASP-17418,Cu2ScAl,Oh,5,d;f;p;s;z3,s,C00_Oh,F000_Oh_s
JVASP-17797,Zr3In,Oh,5,d;f;p;s;z3,f,C00_Oh,F003_Oh_f
JVASP-17814,Ni2ZrIn,Oh,5,d;f;p;s;z3,s,C00_Oh,F000_Oh_s
JVASP-18039,Ni2ScIn,Oh,5,d;f;p;s;z3,s,C00_Oh,F000_Oh_s
JVASP-18219,Ni2TiIn,Oh,5,d;f;p;s;z3,s,C00_Oh,F000_Oh_s
JVASP-18707,Ni2VGa,Oh,5,d;f;p;s;z3,s,C00_Oh,F000_Oh_s
JVASP-18768,Al2LiRh,Oh,5,d;f;p;s;z3,s,C00_Oh,F000_Oh_s
JVASP-19676,Ir3Nb,Oh,5,d;f;p;s;z3,f,C00_Oh,F003_Oh_f
JVASP-19,Ti2Te2,D6h,5,d;p;s;z3;z6,s,C01_D6h,F055_D6h_s
JVASP-20613,Ti2Sb2,D6h,5,d;p;s;z3;z6,z3,C01_D6h,F002_D6h_z3
JVASP-37107,Sc2MnGe,Oh,5,d;f;p;s;z3,s,C00_Oh,F000_Oh_s
JVASP-37415,Os2TaZn,Oh,5,d;f;p;s;z3,s,C00_Oh,F000_Oh_s
JVASP-37753,Ir2HfAl,Oh,5,d;f;p;s;z3,s,C00_Oh,F000_Oh_s
JVASP-38856,Rh2MgZn,Oh,5,d;f;p;s;z3,s,C00_Oh,F000_Oh_s
JVASP-38883,Ru2MgSb,Oh,5,d;f;p;s;z3,s,C00_Oh,F000_Oh_s
JVASP-38893,Sc2MgIn,Oh,5,d;f;p;s;z3,s,C00_Oh,F000_Oh_s
JVASP-39118,Sc2AlAg,Oh,5,d;f;p;s;z3,s,C00_Oh,F000_Oh_s
JVASP-39121,Sc2AlCd,Oh,5,d;f;p;s;z3,s,C00_Oh,F000_Oh_s
JVASP-39222,Rh3Sb,Oh,5,d;f;p;s;z3,f,C00_Oh,F003_Oh_f
JVASP-39656,Re2TiNb,Oh,5,d;f;p;s;z3,s,C00_Oh,F000_Oh_s
JVASP-39744,Sc2LiRu,Oh,5,d;f;p;s;z3,s,C00_Oh,F000_Oh_s
JVASP-39819,Ru2GaGe,Oh,5,d;f;p;s;z3,s,C00_Oh,F000_Oh_s
JVASP-39905,Al2IrRu,Oh,5,d;f;p;s;z3,s,C00_Oh,F000_Oh_s
JVASP-39970,Os2MgTa,Oh,5,d;f;p;s;z3,s,C00_Oh,F000_Oh_s
JVASP-40064,Ti2ZnTc,Oh,5,d;f;p;s;z3,s,C00_Oh,F000_Oh_s
JVASP-40224,Sc2CoOs,Oh,5,d;f;p;s;z3,s,C00_Oh,F000_Oh_s
JVASP-40237,Os2TaTi,Oh,5,d;f;p;s;z3,s,C00_Oh,F000_Oh_s
JVASP-40420,Al2RuRh,Oh,5,d;f;p;s;z3,s,C00_Oh,F000_Oh_s
JVASP-40504,Rh2ScZn,Oh,5,d;f;p;s;z3,s,C00_Oh,F000_Oh_s
JVASP-40525,Sc2CuOs,Oh,5,d;f;p;s;z3,s,C00_Oh,F000_Oh_s
JVASP-40528,Ca2LiGa,Oh,5,d;f;p;s;z3,s,C00_Oh,F000_Oh_s
JVASP-41242,Os2HfSc,Oh,5,d;f;p;s;z3,s,C00_Oh,F000_Oh_s
JVASP-41679,Y2MgAl,Oh,5,d;f;p;s;z3,s,C00_Oh,F000_Oh_s
JVASP-41696,Ti2AlRe,Oh,5,d;f;p;s;z3,s,C00_Oh,F000_Oh_s
JVASP-41840,Sc2ZnTc,Oh,5,d;f;p;s;z3,s,C00_Oh,F000_Oh_s
JVASP-41857,Sc2GaTc,Oh,5,d;f;p;s;z3,s,C00_Oh,F000_Oh_s
JVASP-41865,Sc2CuRu,Oh,5,d;f;p;s;z3,s,C00_Oh,F000_Oh_s
JVASP-41866,Sc2GaAg,Oh,5,d;f;p;s;z3,s,C00_Oh,F000_Oh_s
JVASP-41896,Sc2AlOs,Oh,5,d;f;p;s;z3,s,C00_Oh,F000_Oh_s
JVASP-41900,Sc2AlTc,Oh,5,d;f;p;s;z3,s,C00_Oh,F000_Oh_s
JVASP-41902,Sc2AlRu,Oh,5,d;f;p;s;z3,s,C00_Oh,F000_Oh_s
JVASP-42110,Sc2LiOs,Oh,5,d;f;p;s;z3,s,C00_Oh,F000_Oh_s
JVASP-67276,Be2NiPt,C4v,5,d;d_x2y2;d_xy;s;z4,z4,C03_C4v,F007_C4v_z4
JVASP-67731,Tc2ScBe,Td,4,d;f;s;z3,s,C05_Td,F005_Td_s
JVASP-68481,Be2GaOs,D4h,6,d;d_x2y2;d_xy;p;s;z4,z4,C02_D4h,F011_D4h_z4
JVASP-69411,Be2CuRh,C4v,5,d;d_x2y2;d_xy;s;z4,z4,C03_C4v,F007_C4v_z4
JVASP-70620,Be2MnTc,Td,4,d;f;s;z3,s,C05_Td,F005_Td_s
JVASP-70927,Nb2BeIr,C4v,5,d;d_x2y2;d_xy;s;z4,z4,C03_C4v,F043_C4v_z4
JVASP-74312,Be2HfNi,C4v,5,d;d_x2y2;d_xy;s;z4,s,C03_C4v,F012_C4v_s
JVASP-7864,Pt3Al,Oh,5,d;f;p;s;z3,f,C00_Oh,F003_Oh_f
JVASP-7935,Co2ZnGe,Oh,5,d;f;p;s;z3,s,C00_Oh,F000_Oh_s
JVASP-79486,Sc2MgRu,D4h,6,d;d_x2y2;d_xy;p;s;z4,s,C02_D4h,F025_D4h_s
JVASP-79902,Sc2LiAu,Oh,5,d;f;p;s;z3,s,C00_Oh,F000_Oh_s
JVASP-80007,Ga2CoRu,Oh,5,d;f;p;s;z3,s,C00_Oh,F000_Oh_s
JVASP-99643,Zr3Ga,Oh,5,d;f;p;s;z3,f,C00_Oh,F003_Oh_f
JVASP-99747,Al2NiOs,Oh,5,d;f;p;s;z3,s,C00_Oh,F000_Oh_s
JVASP-103278,Os2MgNb,Oh,5,d;f;p;s;z3,s,C00_Oh,F000_Oh_s
JVASP-103327,V2OsW,Oh,5,d;f;p;s;z3,s,C00_Oh,F000_Oh_s
JVASP-106126,Co2BeGe,D4h,6,d;d_x2y2;d_xy;p;s;z4,z4,C02_D4h,F011_D4h_z4
JVASP-108163,Al2CoNi,D4h,6,d;d_x2y2;d_xy;p;s;z4,z4,C02_D4h,F011_D4h_z4
JVASP-110823,Ni2MgAl,Oh,5,d;f;p;s;z3,s,C00_Oh,F000_Oh_s
JVASP-100010,As2CoNi,D3d,3,p;s;z3,z3,C07_D3d,F102_D3d_z3
JVASP-100039,Ni2AlV,D4h,6,d;d_x2y2;d_xy;p;s;z4,z4,C02_D4h,F036_D4h_z4
JVASP-100143,Co2AlGa,Oh,5,d;f;p;s;z3,s,C00_Oh,F000_Oh_s
JVASP-100202,Ru2MgV,Oh,5,d;f;p;s;z3,s,C00_Oh,F000_Oh_s
JVASP-100332,Ti2AlCr,D4h,6,d;d_x2y2;d_xy;p;s;z4,z4,C02_D4h,F010_D4h_z4
JVASP-100606,Sc2LiGa,Oh,5,d;f;p;s;z3,s,C00_Oh,F000_Oh_s
JVASP-101034,Ti3In,Oh,5,d;f;p;s;z3,f,C00_Oh,F003_Oh_f
JVASP-101418,Co2ZnGa,Oh,5,d;f;p;s;z3,s,C00_Oh,F000_Oh_s
JVASP-102919,Fe2BeCr,Oh,5,d;f;p;s;z3,s,C00_Oh,F000_Oh_s
JVASP-103281,Rh2MgSb,Oh,5,d;f;p;s;z3,s,C00_Oh,F000_Oh_s
JVASP-105802,Pd2LiZr,Oh,5,d;f;p;s;z3,s,C00_Oh,F000_Oh_s
JVASP-106325,Ni2TiAl,D4h,6,d;d_x2y2;d_xy;p;s;z4,z4,C02_D4h,F011_D4h_z4
JVASP-113986,N2CuB,D2d,5,d;d_x2y2;d_xy;s;z4,z4,C10_D2d,F081_D2d_z4
JVASP-115711,Br2RbPd,C4v,5,d;d_x2y2;d_xy;s;z4,s,C03_C4v,F018_C4v_s
JVASP-117955,Ca2C2,D4h,6,d;d_x2y2;d_xy;p;s;z4,s,C02_D4h,F016_D4h_s
JVASP-118212,F3Cu,Ci,2,p;s,s,C16_Ci,F073_Ci_s
JVASP-118627,O3Li,C1,1,s,s,C11_C1,F022_C1_s
JVASP-11968,Ni3Al,Oh,5,d;f;p;s;z3,f,C00_Oh,F003_Oh_f
JVASP-120970,Cl2RbMo,C4v,5,d;d_x2y2;d_xy;s;z4,s,C03_C4v,F012_C4v_s
JVASP-13745,Ca2Si2,D2h,3,d;p;s,s,C04_D2h,F006_D2h_s
JVASP-13861,Zr2N2,D6h,5,d;p;s;z3;z6,z3,C01_D6h,F140_D6h_z3
JVASP-14710,Co2Se2,D6h,5,d;p;s;z3;z6,z3,C01_D6h,F021_D6h_z3
JVASP-14933,Zr2S2,D4h,6,d;d_x2y2;d_xy;p;s;z4,z4,C02_D4h,F010_D4h_z4
JVASP-14996,Co2Sb2,D6h,5,d;p;s;z3;z6,z3,C01_D6h,F015_D6h_z3
JVASP-15345,C2YCo,C2v,2,d;s,s,C09_C2v,F028_C2v_s
JVASP-15771,Ni2TiAl,Oh,5,d;f;p;s;z3,s,C00_Oh,F000_Oh_s
JVASP-15912,Ni2LiSi,Oh,5,d;f;p;s;z3,s,C00_Oh,F000_Oh_s
JVASP-16164,S2V,D3d,3,p;s;z3,s,C07_D3d,F013_D3d_s
JVASP-16170,S2LiTi,D3d,3,p;s;z3,z3,C07_D3d,F032_D3d_z3
JVASP-16224,Sc2Si2,D2h,3,d;p;s,s,C04_D2h,F006_D2h_s
JVASP-16225,Sc2Ge2,D2h,3,d;p;s,s,C04_D2h,F006_D2h_s
JVASP-16365,Al3Li,Oh,5,d;f;p;s;z3,f,C00_Oh,F003_Oh_f
JVASP-16372,Ni2ScAl,Oh,5,d;f;p;s;z3,s,C00_Oh,F000_Oh_s
JVASP-16526,Sc2Ga2,D2h,3,d;p;s,s,C04_D2h,F006_D2h_s
JVASP-16586,Nb2Rh2,D2h,3,d;p;s,s,C04_D2h,F024_D2h_s
JVASP-17275,Co2LiGe,Oh,5,d;f;p;s;z3,s,C00_Oh,F000_Oh_s
JVASP-17282,Ni2B2,D2h,3,d;p;s,s,C04_D2h,F090_D2h_s
JVASP-17902,S2CaTi,D3d,3,p;s;z3,z3,C07_D3d,F032_D3d_z3
JVASP-17925,Ni3Ge,Oh,5,d;f;p;s;z3,f,C00_Oh,F003_Oh_f
JVASP-18033,Zn3Ti,Oh,5,d;f;p;s;z3,f,C00_Oh,F003_Oh_f
JVASP-18706,Ni2TiGa,Oh,5,d;f;p;s;z3,s,C00_Oh,F000_Oh_s
JVASP-18919,Rh3Sc,Oh,5,d;f;p;s;z3,f,C00_Oh,F003_Oh_f
JVASP-18923,Nb2S2,D6h,5,d;p;s;z3;z6,z3,C01_D6h,F002_D6h_z3
JVASP-19853,Ni3Si,Oh,5,d;f;p;s;z3,f,C00_Oh,F003_Oh_f
JVASP-20381,Ti2Cu2,D4h,6,d;d_x2y2;d_xy;p;s;z4,z4,C02_D4h,F026_D4h_z4
JVASP-20399,Al3Sc,Oh,5,d;f;p;s;z3,f,C00_Oh,F003_Oh_f
JVASP-20590,Ir3Hf,Oh,5,d;f;p;s;z3,f,C00_Oh,F003_Oh_f
JVASP-332,Ti2Se2,D6h,5,d;p;s;z3;z6,z3,C01_D6h,F002_D6h_z3
JVASP-36667,Zr2N2,D6h,5,d;p;s;z3;z6,z3,C01_D6h,F015_D6h_z3
JVASP-37214,Sc3Al,Oh,5,d;f;p;s;z3,f,C00_Oh,F003_Oh_f
JVASP-38823,Ru2MgNb,Oh,5,d;f;p;s;z3,s,C00_Oh,F000_Oh_s
JVASP-38825,Nb3Ru,Oh,5,d;f;p;s;z3,s,C00_Oh,F000_Oh_s
JVASP-38887,Sc2MgAl,Oh,5,d;f;p;s;z3,s,C00_Oh,F000_Oh_s
JVASP-39112,Sc2AlCu,Oh,5,d;f;p;s;z3,s,C00_Oh,F000_Oh_s
JVASP-39667,Tc2TiRe,Oh,5,d;f;p;s;z3,s,C00_Oh,F000_Oh_s
JVASP-40063,Ti3Zn,Oh,5,d;f;p;s;z3,f,C00_Oh,F003_Oh_f
JVASP-40342,Sc2ZnGa,Oh,5,d;f;p;s;z3,s,C00_Oh,F000_Oh_s
JVASP-40424,Al2FeNi,Oh,5,d;f;p;s;z3,s,C00_Oh,F000_Oh_s
JVASP-40500,Sc2CoRu,Oh,5,d;f;p;s;z3,s,C00_Oh,F000_Oh_s
JVASP-40509,Al2NiRu,Oh,5,d;f;p;s;z3,s,C00_Oh,F000_Oh_s
JVASP-41668,Ti2NiMo,Oh,5,d;f;p;s;z3,s,C00_Oh,F000_Oh_s
JVASP-41867,Sc2GaCu,Oh,5,d;f;p;s;z3,s,C00_Oh,F000_Oh_s
JVASP-41903,Sc2AlZn,Oh,5,d;f;p;s;z3,s,C00_Oh,F000_Oh_s
JVASP-41907,Y2LiAl,Oh,5,d;f;p;s;z3,s,C00_Oh,F000_Oh_s
JVASP-42889,Ti2AlMo,Oh,5,d;f;p;s;z3,s,C00_Oh,F000_Oh_s
JVASP-42894,Ti2AlTc,Oh,5,d;f;p;s;z3,s,C00_Oh,F000_Oh_s
JVASP-56205,V2P2,D6h,5,d;p;s;z3;z6,z3,C01_D6h,F056_D6h_z3
JVASP-61311,Co2As2,D6h,5,d;p;s;z3;z6,z3,C01_D6h,F021_D6h_z3
JVASP-66732,Be2ScRh,D4h,6,d;d_x2y2;d_xy;p;s;z4,s,C02_D4h,F016_D4h_s
JVASP-67368,Be2CrIr,C4v,5,d;d_x2y2;d_xy;s;z4,z4,C03_C4v,F014_C4v_z4
JVASP-68588,Be2MgRu,D4h,6,d;d_x2y2;d_xy;p;s;z4,z4,C02_D4h,F010_D4h_z4
JVASP-69566,Be2TcIr,Oh,5,d;f;p;s;z3,s,C00_Oh,F000_Oh_s
JVASP-69967,Be2VRu,D2h,3,d;p;s,s,C04_D2h,F024_D2h_s
JVASP-70110,Be2CuNi,C4v,5,d;d_x2y2;d_xy;s;z4,z4,C03_C4v,F014_C4v_z4
JVASP-70978,Sc2BeIr,C4v,5,d;d_x2y2;d_xy;s;z4,z4,C03_C4v,F020_C4v_z4
JVASP-71053,Os2BeIr,C4v,5,d;d_x2y2;d_xy;s;z4,z4,C03_C4v,F014_C4v_z4
JVASP-71054,Tc2BeRh,C4v,5,d;d_x2y2;d_xy;s;z4,z4,C03_C4v,F009_C4v_z4
JVASP-71092,Sc2BeRh,C4v,5,d;d_x2y2;d_xy;s;z4,z4,C03_C4v,F020_C4v_z4
JVASP-71132,Ni2MgBe,C4v,5,d;d_x2y2;d_xy;s;z4,z4,C03_C4v,F009_C4v_z4
JVASP-71214,Pd2BeCr,C4v,5,d;d_x2y2;d_xy;s;z4,z4,C03_C4v,F014_C4v_z4
JVASP-71217,Ti2BeCo,C4v,5,d;d_x2y2;d_xy;s;z4,z4,C03_C4v,F007_C4v_z4
JVASP-71476,Be2LiRu,D4h,6,d;d_x2y2;d_xy;p;s;z4,z4,C02_D4h,F010_D4h_z4
JVASP-71854,Mn2BeW,Oh,5,d;f;p;s;z3,s,C00_Oh,F000_Oh_s
JVASP-72005,Co2BeP,D4h,6,d;d_x2y2;d_xy;p;s;z4,z4,C02_D4h,F125_D4h_z4
JVASP-74488,Be2TiRh,Td,4,d;f;s;z3,s,C05_Td,F005_Td_s
JVASP-74622,Sc2BeTc,Oh,5,d;f;p;s;z3,s,C00_Oh,F000_Oh_s
JVASP-74707,Be2NiMo,C4v,5,d;d_x2y2;d_xy;s;z4,s,C03_C4v,F012_C4v_s
JVASP-74781,Be2MnOs,Td,4,d;f;s;z3,s,C05_Td,F005_Td_s
JVASP-74830,Be2MnP,C4v,5,d;d_x2y2;d_xy;s;z4,z4,C03_C4v,F009_C4v_z4
JVASP-79391,Ti2CuTc,Oh,5,d;f;p;s;z3,s,C00_Oh,F000_Oh_s
JVASP-79498,Sc2MnSi,Oh,5,d;f;p;s;z3,s,C00_Oh,F000_Oh_s
JVASP-79937,V3Re,Oh,5,d;f;p;s;z3,s,C00_Oh,F000_Oh_s
JVASP-79946,V2CrFe,Oh,5,d;f;p;s;z3,s,C00_Oh,F000_Oh_s
JVASP-79972,Ru2VGe,Oh,5,d;f;p;s;z3,s,C00_Oh,F000_Oh_s
JVASP-101611,Zn3Ta,Oh,5,d;f;p;s;z3,f,C00_Oh,F003_Oh_f
JVASP-106483,Al3Cu,Oh,5,d;f;p;s;z3,f,C00_Oh,F003_Oh_f
JVASP-107548,Al2Mg,D3d,3,p;s;z3,s,C07_D3d,F013_D3d_s
JVASP-115641,HfBeP,C2v,2,d;s,s,C09_C2v,F017_C2v_s
JVASP-118805,Na2Si2,C2h,3,d;p;s,s,C08_C2h,F040_C2h_s
JVASP-11987,Mg3Al,Oh,5,d;f;p;s;z3,f,C00_Oh,F003_Oh_f
JVASP-15849,Ti2Se2,D6h,5,d;p;s;z3;z6,z3,C01_D6h,F002_D6h_z3
JVASP-16260,Ir3Fe,Oh,5,d;f;p;s;z3,f,C00_Oh,F003_Oh_f
JVASP-16627,Zn3V,Oh,5,d;f;p;s;z3,f,C00_Oh,F003_Oh_f
JVASP-19760,Ca2Si2,D2h,3,d;p;s,s,C04_D2h,F006_D2h_s
JVASP-19832,Co2Te2,D6h,5,d;p;s;z3;z6,z3,C01_D6h,F015_D6h_z3
JVASP-20425,Ti2Sb2,D6h,5,d;p;s;z3;z6,z3,C01_D6h,F002_D6h_z3
JVASP-20517,Li2Zn2,Oh,5,d;f;p;s;z3,s,C00_Oh,F000_Oh_s
JVASP-20570,Ti2Cu2,D4h,6,d;d_x2y2;d_xy;p;s;z4,z4,C02_D4h,F026_D4h_z4
JVASP-20588,Al3Sc,Oh,5,d;f;p;s;z3,f,C00_Oh,F003_Oh_f
JVASP-37103,Sc2MnSi,Oh,5,d;f;p;s;z3,s,C00_Oh,F000_Oh_s
JVASP-37614,Zn3Co,Oh,5,d;f;p;s;z3,f,C00_Oh,F003_Oh_f
JVASP-38647,Ni3Sb,Oh,5,d;f;p;s;z3,f,C00_Oh,F003_Oh_f
JVASP-39455,Rh3Pt,Oh,5,d;f;p;s;z3,f,C00_Oh,F003_Oh_f
JVASP-41912,Sc2BeTc,Oh,5,d;f;p;s;z3,s,C00_Oh,F000_Oh_s
JVASP-64995,Be2ScCu,Td,4,d;f;s;z3,s,C05_Td,F005_Td_s
JVASP-65132,Be2LiNi,C4v,5,d;d_x2y2;d_xy;s;z4,s,C03_C4v,F012_C4v_s
JVASP-67270,Be2TiSe,C4v,5,d;d_x2y2;d_xy;s;z4,z4,C03_C4v,F020_C4v_z4
JVASP-67604,Ru2BeNb,C4v,5,d;d_x2y2;d_xy;s;z4,z4,C03_C4v,F007_C4v_z4
JVASP-67632,Li2BeCd,Td,4,d;f;s;z3,s,C05_Td,F005_Td_s
JVASP-67748,Os2LiBe,Td,4,d;f;s;z3,s,C05_Td,F005_Td_s
JVASP-67780,Zn2TiBe,Td,4,d;f;s;z3,s,C05_Td,F005_Td_s
JVASP-67811,Be2ZrPd,D4h,6,d;d_x2y2;d_xy;p;s;z4,z4,C02_D4h,F026_D4h_z4
JVASP-67853,V2BeGe,C4v,5,d;d_x2y2;d_xy;s;z4,z4,C03_C4v,F009_C4v_z4
JVASP-68174,Zn2HfBe,C4v,5,d;d_x2y2;d_xy;s;z4,z4,C03_C4v,F009_C4v_z4
JVASP-68317,Be2CdRu,D4h,6,d;d_x2y2;d_xy;p;s;z4,z4,C02_D4h,F011_D4h_z4
JVASP-68381,Be2CaRu,D4h,6,d;d_x2y2;d_xy;p;s;z4,z4,C02_D4h,F010_D4h_z4
JVASP-68524,LiBeNi,C3v,2,s;z3,s,C15_C3v,F042_C3v_s
JVASP-69475,Be2MnV,D2d,5,d;d_x2y2;d_xy;s;z4,z4,C10_D2d,F082_D2d_z4
JVASP-69499,Be2CrRu,C4v,5,d;d_x2y2;d_xy;s;z4,z4,C03_C4v,F014_C4v_z4
JVASP-70154,Be2YNi,D4h,6,d;d_x2y2;d_xy;p;s;z4,s,C02_D4h,F016_D4h_s
JVASP-70885,Zn2BeCo,C4v,5,d;d_x2y2;d_xy;s;z4,z4,C03_C4v,F020_C4v_z4
JVASP-70911,Be2ScTa,D4h,6,d;d_x2y2;d_xy;p;s;z4,z4,C02_D4h,F026_D4h_z4
JVASP-70938,Pd2NaBe,C4v,5,d;d_x2y2;d_xy;s;z4,z4,C03_C4v,F009_C4v_z4
JVASP-70972,Ti2BeMo,C4v,5,d;d_x2y2;d_xy;s;z4,z4,C03_C4v,F020_C4v_z4
JVASP-71049,ScBeTl,D3h,3,d;s;z3,z3,C06_D3h,F008_D3h_z3
JVASP-71080,Zn2BeRu,C4v,5,d;d_x2y2;d_xy;s;z4,z4,C03_C4v,F007_C4v_z4
JVASP-71182,Mn2HfBe,C4v,5,d;d_x2y2;d_xy;s;z4,z4,C03_C4v,F007_C4v_z4
JVASP-71279,Be2TaTi,D4h,6,d;d_x2y2;d_xy;p;s;z4,z4,C02_D4h,F011_D4h_z4
JVASP-71553,Be2CaOs,D4h,6,d;d_x2y2;d_xy;p;s;z4,z4,C02_D4h,F010_D4h_z4
JVASP-73288,Be2NaPt,Oh,5,d;f;p;s;z3,s,C00_Oh,F000_Oh_s
JVASP-73967,Mn2BeGa,C4v,5,d;d_x2y2;d_xy;s;z4,z4,C03_C4v,F007_C4v_z4
JVASP-74004,Ni2LiBe,C4v,5,d;d_x2y2;d_xy;s;z4,z4,C03_C4v,F009_C4v_z4
JVASP-74148,V2MnBe,C4v,5,d;d_x2y2;d_xy;s;z4,z4,C03_C4v,F007_C4v_z4
JVASP-74633,Be2ZrSc,D4h,6,d;d_x2y2;d_xy;p;s;z4,z4,C02_D4h,F037_D4h_z4
JVASP-74740,Ca2BeIn,D4h,6,d;d_x2y2;d_xy;p;s;z4,z4,C02_D4h,F126_D4h_z4
JVASP-74951,Be2GeIr,C4v,5,d;d_x2y2;d_xy;s;z4,z4,C03_C4v,F007_C4v_z4
JVASP-75728,Pd2AsRh,Td,4,d;f;s;z3,s,C05_Td,F005_Td_s
JVASP-14771,Ti6Ir2,Oh,5,d;f;p;s;z3,f,C00_Oh,F004_Oh_f
JVASP-15008,Nb6Ga2,Oh,5,d;f;p;s;z3,f,C00_Oh,F004_Oh_f
JVASP-18048,V6Sn2,Oh,5,d;f;p;s;z3,f,C00_Oh,F004_Oh_f
JVASP-18790,Ta6Sn2,Oh,5,d;f;p;s;z3,f,C00_Oh,F004_Oh_f
JVASP-19783,Te2Rh2,D6h,5,d;p;s;z3;z6,z3,C01_D6h,F002_D6h_z3
JVASP-39465,Re6W2,D6h,5,d;p;s;z3;z6,z3,C01_D6h,F141_D6h_z3
JVASP-91617,V6Ge2,Oh,5,d;f;p;s;z3,f,C00_Oh,F058_Oh_f
JVASP-15840,Co2Si2Al,D3d,3,p;s;z3,z3,C07_D3d,F103_D3d_z3
JVASP-15950,Co3ScC,Oh,5,d;f;p;s;z3,f,C00_Oh,F001_Oh_f
JVASP-16067,Sc3InC,Oh,5,d;f;p;s;z3,f,C00_Oh,F001_Oh_f
JVASP-16317,Ru3ZrC,Oh,5,d;f;p;s;z3,f,C00_Oh,F001_Oh_f
JVASP-16775,Hf2Be2Si2,D6h,5,d;p;s;z3;z6,z3,C01_D6h,F142_D6h_z3
JVASP-100304,N4Sc2Ta2,D6h,5,d;p;s;z3;z6,z3,C01_D6h,F143_D6h_z3
JVASP-100442,N4Zn2Mo2,C6v,4,d;s;z3;z6,z3,C18_C6v,F071_C6v_z3
JVASP-10063,O4Co2,D4h,6,d;d_x2y2;d_xy;p;s;z4,z4,C02_D4h,F127_D4h_z4
JVASP-102098,O4NbRh,D2h,3,d;p;s,s,C04_D2h,F029_D2h_s
JVASP-102813,Sc2B2C2,D6h,5,d;p;s;z3;z6,z3,C01_D6h,F054_D6h_z3
JVASP-103120,Be4FeGe,Td,4,d;f;s;z3,z3,C05_Td,F059_Td_z3
JVASP-103410,B2TiMo,C2v,2,d;s,s,C09_C2v,F017_C2v_s
JVASP-104923,Al6TaNb,D4h,6,d;d_x2y2;d_xy;p;s;z4,z4,C02_D4h,F128_D4h_z4
JVASP-10934,O4Fe2,D4h,6,d;d_x2y2;d_xy;p;s;z4,z4,C02_D4h,F129_D4h_z4
JVASP-109736,B4HfTi,D6h,5,d;p;s;z3;z6,z3,C01_D6h,F144_D6h_z3
JVASP-110540,O2SrNbN,D4h,6,d;d_x2y2;d_xy;p;s;z4,z4,C02_D4h,F033_D4h_z4
JVASP-113653,Al2H2O2,D4h,6,d;d_x2y2;d_xy;p;s;z4,z4,C02_D4h,F130_D4h_z4
JVASP-114014,B2O,C1,1,s,s,C11_C1,F022_C1_s
JVASP-114338,N2MgSi,D4h,6,d;d_x2y2;d_xy;p;s;z4,z4,C02_D4h,F010_D4h_z4
JVASP-114341,Si2N2Mg,D2d,5,d;d_x2y2;d_xy;s;z4,z4,C10_D2d,F083_D2d_z4
JVASP-114347,N2MgSn,D4h,6,d;d_x2y2;d_xy;p;s;z4,z4,C02_D4h,F010_D4h_z4
JVASP-114520,O2YB,C4v,5,d;d_x2y2;d_xy;s;z4,z4,C03_C4v,F014_C4v_z4
JVASP-114720,O2CaZr,D3d,3,p;s;z3,z3,C07_D3d,F104_D3d_z3
JVASP-114885,N2AlB,C4v,5,d;d_x2y2;d_xy;s;z4,z4,C03_C4v,F009_C4v_z4
JVASP-114941,F2ZrZn,C4v,5,d;d_x2y2;d_xy;s;z4,z4,C03_C4v,F009_C4v_z4
JVASP-1151,B2Mg,D6h,5,d;p;s;z3;z6,z3,C01_D6h,F002_D6h_z3
JVASP-115500,B2O2S,D3d,3,p;s;z3,z3,C07_D3d,F105_D3d_z3
JVASP-116328,O3MgV,Oh,5,d;f;p;s;z3,f,C00_Oh,F001_Oh_f
JVASP-116346,N2TiZn,C4v,5,d;d_x2y2;d_xy;s;z4,z4,C03_C4v,F009_C4v_z4
JVASP-116405,O3YSi,Oh,5,d;f;p;s;z3,f,C00_Oh,F001_Oh_f
JVASP-116604,Nb10Si6N2,D6h,5,d;p;s;z3;z6,z3,C01_D6h,F057_D6h_z3
JVASP-118006,O2Cd,D2h,3,d;p;s,s,C04_D2h,F023_D2h_s
JVASP-118262,NaInF,Cs,2,d;s,s,C12_Cs,F044_Cs_s
JVASP-118266,F2InO,C4v,5,d;d_x2y2;d_xy;s;z4,z4,C03_C4v,F009_C4v_z4
JVASP-118669,O3NbAl,Oh,5,d;f;p;s;z3,f,C00_Oh,F001_Oh_f
JVASP-118893,F2Li,D2h,3,d;p;s,s,C04_D2h,F023_D2h_s
JVASP-119956,O3BaV,Oh,5,d;f;p;s;z3,f,C00_Oh,F001_Oh_f
JVASP-120305,N2ZrAl,D4h,6,d;d_x2y2;d_xy;p;s;z4,z4,C02_D4h,F010_D4h_z4
JVASP-12703,O8Mo3Sc,Cs,2,d;s,s,C12_Cs,F076_Cs_s
JVASP-14873,B6Sr,Oh,5,d;f;p;s;z3,f,C00_Oh,F027_Oh_f
JVASP-14893,Co4Si4,T,4,d;f;s;z3,z3,C17_T,F039_T_z3
JVASP-14914,Si2Ru,D4h,6,d;d_x2y2;d_xy;p;s;z4,s,C02_D4h,F025_D4h_s
JVASP-14967,Nb2B2,D2h,3,d;p;s,s,C04_D2h,F006_D2h_s
JVASP-15025,Nb2N2,D6h,5,d;p;s;z3;z6,z3,C01_D6h,F056_D6h_z3
JVASP-15288,Zr2Si2S2,D4h,6,d;d_x2y2;d_xy;p;s;z4,z4,C02_D4h,F010_D4h_z4
JVASP-15314,Sc3AlC,Oh,5,d;f;p;s;z3,f,C00_Oh,F001_Oh_f
JVASP-15637,Fe2AlV,Oh,5,d;f;p;s;z3,s,C00_Oh,F000_Oh_s
JVASP-15930,P4Ni2Mo2,D6h,5,d;p;s;z3;z6,z3,C01_D6h,F145_D6h_z3
JVASP-16066,Sc3GaC,Oh,5,d;f;p;s;z3,f,C00_Oh,F001_Oh_f
JVASP-16488,P4W2,C2v,2,d;s,s,C09_C2v,F028_C2v_s
JVASP-16922,O3YTi,Oh,5,d;f;p;s;z3,f,C00_Oh,F001_Oh_f
JVASP-16933,O3TiAl,Oh,5,d;f;p;s;z3,f,C00_Oh,F001_Oh_f
JVASP-17391,Sc3SnC,Oh,5,d;f;p;s;z3,f,C00_Oh,F001_Oh_f
JVASP-17437,Li4B4,D2h,3,d;p;s,s,C04_D2h,F091_D2h_s
JVASP-17589,Li2Fe2P2,D4h,6,d;d_x2y2;d_xy;p;s;z4,z4,C02_D4h,F131_D4h_z4
JVASP-17669,Ti4In2C2,D6h,5,d;p;s;z3;z6,z3,C01_D6h,F002_D6h_z3
JVASP-18803,Sc3InN,Oh,5,d;f;p;s;z3,f,C00_Oh,F001_Oh_f
JVASP-19613,Al3Ni2,D3d,3,p;s;z3,z3,C07_D3d,F106_D3d_z3
JVASP-19736,Si4Zr2,D2h,3,d;p;s,s,C04_D2h,F006_D2h_s
JVASP-19870,B6Ca,Oh,5,d;f;p;s;z3,f,C00_Oh,F027_Oh_f
JVASP-19914,B6Ba,Oh,5,d;f;p;s;z3,f,C00_Oh,F027_Oh_f
JVASP-20068,B4Ru2,D2h,3,d;p;s,s,C04_D2h,F092_D2h_s
JVASP-20079,Ta2B2,D2h,3,d;p;s,s,C04_D2h,F006_D2h_s
JVASP-20082,B2Ta,D6h,5,d;p;s;z3;z6,z3,C01_D6h,F002_D6h_z3
JVASP-20096,B2Ti,D6h,5,d;p;s;z3;z6,z3,C01_D6h,F002_D6h_z3
JVASP-20143,P12Rh4,Th,5,d;f;p;s;z3,f,C14_Th,F158_Th_f
JVASP-20192,Al12Mn2,D2h,3,d;p;s,s,C04_D2h,F045_D2h_s
JVASP-20272,B2Hf,D6h,5,d;p;s;z3;z6,z3,C01_D6h,F002_D6h_z3
JVASP-20285,Be5Hf,D6h,5,d;p;s;z3;z6,z3,C01_D6h,F038_D6h_z3
JVASP-20538,B2Hf,D6h,5,d;p;s;z3;z6,z3,C01_D6h,F002_D6h_z3
JVASP-20551,Be5Hf,D6h,5,d;p;s;z3;z6,z3,C01_D6h,F038_D6h_z3
JVASP-20803,Nb6C5,C2h,3,d;p;s,s,C08_C2h,F064_C2h_s
JVASP-21567,B6V2Co2,D2h,3,d;p;s,s,C04_D2h,F093_D2h_s
JVASP-21675,Be8Mn4,D6h,5,d;p;s;z3;z6,z3,C01_D6h,F057_D6h_z3
JVASP-35977,B6Zr,Oh,5,d;f;p;s;z3,f,C00_Oh,F027_Oh_f
JVASP-36297,KAgO,Td,4,d;f;s;z3,s,C05_Td,F005_Td_s
JVASP-36554,N8Cr6,Oh,5,d;f;p;s;z3,f,C00_Oh,F155_Oh_f
JVASP-36602,O3TiCd,Oh,5,d;f;p;s;z3,f,C00_Oh,F001_Oh_f
JVASP-36615,O3ZnSi,Oh,5,d;f;p;s;z3,f,C00_Oh,F001_Oh_f
JVASP-36626,O3CdGe,Oh,5,d;f;p;s;z3,f,C00_Oh,F001_Oh_f
JVASP-36632,O3ZnGe,Oh,5,d;f;p;s;z3,f,C00_Oh,F001_Oh_f
JVASP-36636,O3SrGe,Oh,5,d;f;p;s;z3,f,C00_Oh,F001_Oh_f
JVASP-36745,N6Ti2Re2,C3v,2,s;z3,z3,C15_C3v,F070_C3v_z3
JVASP-36813,O4Mg2Cu2,D2h,3,d;p;s,s,C04_D2h,F045_D2h_s
JVASP-37027,TiGaFeCo,Td,4,d;f;s;z3,s,C05_Td,F005_Td_s
JVASP-37744,N4W2,D4h,6,d;d_x2y2;d_xy;p;s;z4,z4,C02_D4h,F034_D4h_z4
JVASP-39019,O3SnB,Oh,5,d;f;p;s;z3,f,C00_Oh,F001_Oh_f
JVASP-39917,Ru2AlV,Oh,5,d;f;p;s;z3,s,C00_Oh,F000_Oh_s
JVASP-40030,Co2TiBe,Oh,5,d;f;p;s;z3,s,C00_Oh,F000_Oh_s
JVASP-41920,Co2ScAl,Oh,5,d;f;p;s;z3,s,C00_Oh,F000_Oh_s
JVASP-48246,O7Li4Fe2Si,Ci,2,p;s,s,C16_Ci,F074_Ci_s
JVASP-49767,Ti2O2,D6h,5,d;p;s;z3;z6,z3,C01_D6h,F015_D6h_z3
JVASP-53430,O4SbRh,D2h,3,d;p;s,s,C04_D2h,F029_D2h_s
JVASP-56726,B2Rh2,D6h,5,d;p;s;z3;z6,z3,C01_D6h,F021_D6h_z3
JVASP-63127,B8Cr2,D2h,3,d;p;s,s,C04_D2h,F094_D2h_s
JVASP-63267,B2Mo,D6h,5,d;p;s;z3;z6,z3,C01_D6h,F002_D6h_z3
JVASP-63394,B2Mo,D6h,5,d;p;s;z3;z6,z3,C01_D6h,F002_D6h_z3
JVASP-69674,Be2TiGe,D4h,6,d;d_x2y2;d_xy;p;s;z4,z4,C02_D4h,F035_D4h_z4
JVASP-71448,Be2CuRh,D4h,6,d;d_x2y2;d_xy;p;s;z4,z4,C02_D4h,F011_D4h_z4
JVASP-74226,Se2SrBe,Oh,5,d;f;p;s;z3,s,C00_Oh,F000_Oh_s
JVASP-7669,Li2Al2,Oh,5,d;f;p;s;z3,s,C00_Oh,F000_Oh_s
JVASP-7807,B2Y,D6h,5,d;p;s;z3;z6,z3,C01_D6h,F002_D6h_z3
JVASP-8260,O3YV,Oh,5,d;f;p;s;z3,f,C00_Oh,F001_Oh_f
JVASP-8492,Fe4S4,D2h,3,d;p;s,s,C04_D2h,F031_D2h_s
JVASP-85705,Y2H2C,D3d,3,p;s;z3,z3,C07_D3d,F107_D3d_z3
JVASP-86420,Sc4Si4Fe2,C2h,3,d;p;s,s,C08_C2h,F065_C2h_s
JVASP-8663,Li4Si2,D3d,3,p;s;z3,s,C07_D3d,F013_D3d_s
JVASP-90839,B6Mo2,D3d,3,p;s;z3,z3,C07_D3d,F108_D3d_z3
JVASP-91700,B4C2N2,D2h,3,d;p;s,s,C04_D2h,F095_D2h_s
JVASP-9308,O8Ti3Ba2Y,D4h,6,d;d_x2y2;d_xy;p;s;z4,z4,C02_D4h,F132_D4h_z4
JVASP-93220,O3SrMo,Oh,5,d;f;p;s;z3,f,C00_Oh,F001_Oh_f
JVASP-93772,Ta2Ni2B2,D2h,3,d;p;s,s,C04_D2h,F006_D2h_s
JVASP-93811,N3Zr2Ta,D6h,5,d;p;s;z3;z6,z3,C01_D6h,F146_D6h_z3
JVASP-94831,B6Sr,Oh,5,d;f;p;s;z3,f,C00_Oh,F156_Oh_f
JVASP-95036,Si4Ti2,D2h,3,d;p;s,s,C04_D2h,F006_D2h_s
JVASP-97358,Y2C2I2,C2h,3,d;p;s,s,C08_C2h,F041_C2h_s
JVASP-99606,O3SnGe,Oh,5,d;f;p;s;z3,f,C00_Oh,F001_Oh_f
